"INLET_COND_ID","SPECIE_CONC","ENTRANCE_NUMBER","SPECIES_NAME"
1,0.00336,2,FITC
2,0.01,1,PS_20nm
2,0.00336,2,FITC
3,0.02,1,PS_20nm
3,0.00336,2,FITC
4,0.03,1,PS_20nm
4,0.00336,2,FITC
5,0.04,1,PS_20nm
5,0.00336,2,FITC
6,0.05,1,PS_20nm
6,0.00336,2,FITC
7,0.06,1,PS_20nm
7,0.00336,2,FITC
8,0.07,1,PS_20nm
8,0.00336,2,FITC
9,0.08,1,PS_20nm
9,0.00336,2,FITC
10,0.09,1,PS_20nm
10,0.00336,2,FITC
11,0.1,1,PS_20nm
11,0.00336,2,FITC
12,0.11,1,PS_20nm
12,0.00336,2,FITC
13,0.12,1,PS_20nm
13,0.00336,2,FITC
14,0.13,1,PS_20nm
14,0.00336,2,FITC
15,0.14,1,PS_20nm
15,0.00336,2,FITC
16,0.15,1,PS_20nm
16,0.00336,2,FITC
17,0.00336,2,FITC
18,0.01,1,PS_40nm
18,0.00336,2,FITC
19,0.02,1,PS_40nm
19,0.00336,2,FITC
20,0.03,1,PS_40nm
20,0.00336,2,FITC
21,0.04,1,PS_40nm
21,0.00336,2,FITC
22,0.05,1,PS_40nm
22,0.00336,2,FITC
23,0.06,1,PS_40nm
23,0.00336,2,FITC
24,0.07,1,PS_40nm
24,0.00336,2,FITC
25,0.08,1,PS_40nm
25,0.00336,2,FITC
26,0.09,1,PS_40nm
26,0.00336,2,FITC
27,0.1,1,PS_40nm
27,0.00336,2,FITC
28,0.11,1,PS_40nm
28,0.00336,2,FITC
29,0.12,1,PS_40nm
29,0.00336,2,FITC
30,0.13,1,PS_40nm
30,0.00336,2,FITC
31,0.14,1,PS_40nm
31,0.00336,2,FITC
32,0.15,1,PS_40nm
32,0.00336,2,FITC
