"SOLVE_SETTING_ID","PARAMETER","VALUE","UNITS"
1,global: kon1,0.0613658,""
1,global: keq1,18.58736,""
1,"25_3_Fit: left_edge",493.187,""
1,"25_3_Fit: right_edge",363.4695,""
1,"24_3_Fit: left_edge",129.7824,""
1,"24_3_Fit: right_edge",279.6505,""
1,exp_DA,0.02269542,""
1,model_DA,0.003691054,""
1,exp_integral,0,""
1,model_integral,0,""
1,exp_DA,0.02289999,""
1,model_DA,0.009833805,""
1,exp_integral,0.0009031783,""
1,model_integral,0.0003421718,""
1,exp_DA,0.007388165,""
1,model_DA,0.01925495,""
1,exp_integral,0.00149217,""
1,model_integral,0.0005963867,""
1,exp_DA,0.02984334,""
1,model_DA,0.02763029,""
1,exp_integral,0.001514658,""
1,model_integral,0.0008016941,""
1,exp_DA,0.05019978,""
1,model_DA,0.03522617,""
1,exp_integral,0.001143257,""
1,model_integral,0.0009712295,""
1,exp_DA,0.05347179,""
1,model_DA,0.04214179,""
1,exp_integral,0.001937773,""
1,model_integral,0.00112089,""
1,exp_DA,0.07152965,""
1,model_DA,0.04844627,""
1,exp_integral,0.002209988,""
1,model_integral,0.001252666,""
1,exp_DA,0.08292678,""
1,model_DA,0.05433165,""
1,exp_integral,0.002300116,""
1,model_integral,0.00137036,""
1,exp_DA,0.0852872,""
1,model_DA,0.05980698,""
1,exp_integral,0.002480977,""
1,model_integral,0.001476682,""
1,exp_DA,0.08762062,""
1,model_DA,0.06490904,""
1,exp_integral,0.002662746,""
1,model_integral,0.001573494,""
1,exp_DA,0.02535721,""
1,model_DA,0.005341405,""
1,exp_integral,0,""
1,model_integral,0,""
1,exp_DA,0.02554386,""
1,model_DA,0.01110998,""
1,exp_integral,0.000660197,""
1,model_integral,0.000217361,""
1,exp_DA,0.02548036,""
1,model_DA,0.02228465,""
1,exp_integral,0.000531495,""
1,model_integral,0.0003996271,""
1,exp_DA,0.02476303,""
1,model_DA,0.03274824,""
1,exp_integral,0.0009440463,""
1,model_integral,0.0005569139,""
1,exp_DA,0.02193195,""
1,model_DA,0.04256796,""
1,exp_integral,0.001060874,""
1,model_integral,0.0006953683,""
1,exp_DA,0.02372413,""
1,model_DA,0.05185771,""
1,exp_integral,0.001130083,""
1,model_integral,0.0008193833,""
1,exp_DA,0.03904239,""
1,model_DA,0.06067575,""
1,exp_integral,0.001278232,""
1,model_integral,0.0009315838,""
1,exp_DA,0.05028751,""
1,model_DA,0.06905971,""
1,exp_integral,0.001459321,""
1,model_integral,0.001034237,""
1,exp_DA,0.06116566,""
1,model_DA,0.07705091,""
1,exp_integral,0.001670763,""
1,model_integral,0.001128897,""
1,exp_DA,0.06983674,""
1,model_DA,0.08468418,""
1,exp_integral,0.001793332,""
1,model_integral,0.001216616,""
1,exp_DA,0.07491297,""
1,model_DA,0.0919895,""
1,exp_integral,0.00166077,""
1,model_integral,0.001298434,""
1,exp_DA,0.0801328,""
1,model_DA,0.09902452,""
1,exp_integral,0.001669798,""
1,model_integral,0.001375266,""
1,exp_DA,0.08737834,""
1,model_DA,0.1058297,""
1,exp_integral,0.001869023,""
1,model_integral,0.001447352,""
1,exp_DA,0.08081525,""
1,model_DA,0.1123581,""
1,exp_integral,0.002025441,""
1,model_integral,0.001515325,""
1,exp_DA,0.08541785,""
1,model_DA,0.1186736,""
1,exp_integral,0.002162938,""
1,model_integral,0.00157985,""
1,exp_DA,0.0854972,""
1,model_DA,0.1248049,""
1,exp_integral,0.001734936,""
1,model_integral,0.00164107,""
9,global: kon1,0.002621603,""
9,global: keq1,10,""
9,"25_3_Fit: left_edge",455.2891,""
9,"25_3_Fit: right_edge",330.0391,""
9,"24_3_Fit: left_edge",53.56612,""
9,"24_3_Fit: right_edge",185.4222,""
9,"25_2_Fit: left_edge",500,""
9,"25_2_Fit: right_edge",242.5067,""
9,"25_1_Fit: left_edge",495.9318,""
9,"25_1_Fit: right_edge",65.21798,""
9,"23_Fit: left_edge",14.10853,""
9,"23_Fit: right_edge",256.985,""
9,"24_2_Fit: left_edge",204.7337,""
9,"24_2_Fit: right_edge",400,""
