"SOLUTION_ID","SOLVE_SETTING_ID","EXPERIMENT_NAME","INLET_COND_ID","EXP_DA","MODEL_DA","EXP_INTEGRAL","MODEL_INTEGRAL","SECOND_NAME"
1,1,"24_3_Fit",1,,,,,
2,1,"24_3_Fit",2,,,,,
3,1,"24_3_Fit",3,,,,,
4,1,"24_3_Fit",4,,,,,
5,1,"24_3_Fit",5,,,,,
6,1,"24_3_Fit",6,,,,,
7,1,"24_3_Fit",7,,,,,
8,1,"24_3_Fit",8,,,,,
9,1,"24_3_Fit",9,,,,,
10,1,"24_3_Fit",10,,,,,
11,1,"25_3_Fit",17,,,,,
12,1,"25_3_Fit",18,,,,,
13,1,"25_3_Fit",20,,,,,
14,1,"25_3_Fit",21,,,,,
15,1,"25_3_Fit",22,,,,,
16,1,"25_3_Fit",23,,,,,
17,1,"25_3_Fit",24,,,,,
18,1,"25_3_Fit",25,,,,,
19,1,"25_3_Fit",26,,,,,
20,1,"25_3_Fit",27,,,,,
21,1,"25_3_Fit",28,,,,,
22,1,"25_3_Fit",29,,,,,
23,1,"25_3_Fit",30,,,,,
24,1,"25_3_Fit",31,,,,,
25,1,"25_3_Fit",32,,,,,
26,1,"25_3_Fit",19,,,,,
27,9,"23_Fit",1,0.04621408,0.003419649,0,0,"0.0"
28,9,"23_Fit",3,0.01801191,0.00514685,0.001611572,0.0001711133,"0.02"
29,9,"23_Fit",4,0.06953709,0.007894895,0.00179885,0.0002495491,"0.03"
30,9,"23_Fit",5,0.07759033,0.01055498,0.002324991,0.0003237811,"0.04"
31,9,"23_Fit",6,0.03956792,0.01312138,0.001679323,0.0003940758,"0.05"
32,9,"23_Fit",7,0.04014433,0.01559834,0.001596219,0.0004607868,"0.06"
33,9,"23_Fit",8,0.09450644,0.01798998,0.003006077,0.0005242065,"0.07"
34,9,"23_Fit",9,0.09726683,0.02030016,0.003061741,0.0005845644,"0.08"
35,9,"23_Fit",10,0.099488,0.02253238,0.003029425,0.0006421591,"0.09"
36,9,"24_2_Fit",1,0.0127239,0.004194131,0,0,"0.0"
37,9,"24_2_Fit",3,0.006267078,0.006326645,0.0004572698,0.00017099,"0.02"
38,9,"24_2_Fit",4,0.03239506,0.009704098,0.001044685,0.0002493749,"0.03"
39,9,"24_2_Fit",5,0.05060683,0.01297403,0.001251814,0.0003235498,"0.04"
40,9,"24_2_Fit",6,0.05999612,0.01612873,0.001431786,0.0003938212,"0.05"
41,9,"24_2_Fit",7,0.07154522,0.01917342,0.001675368,0.0004604858,"0.06"
42,9,"24_2_Fit",8,0.08062805,0.02211318,0.001858902,0.0005238683,"0.07"
43,9,"24_2_Fit",9,0.08173885,0.02495276,0.00176199,0.0005842265,"0.08"
44,9,"24_2_Fit",10,0.09097431,0.02769646,0.00187003,0.0006417749,"0.09"
45,9,"24_3_Fit",1,0.02269542,0.003374203,0,0,"0.0"
46,9,"24_3_Fit",2,0.02289999,0.003617754,0.0008747551,0.00008800396,"0.01"
47,9,"24_3_Fit",3,0.01157876,0.005038863,0.001450273,0.0001710189,"0.02"
48,9,"24_3_Fit",4,0.02984334,0.007729251,0.001466812,0.000249417,"0.03"
49,9,"24_3_Fit",5,0.05019978,0.01033352,0.001062797,0.0003235995,"0.04"
50,9,"24_3_Fit",6,0.05347179,0.01284608,0.001836934,0.0003938614,"0.05"
51,9,"24_3_Fit",7,0.07152965,0.01527107,0.002109222,0.0004605189,"0.06"
52,9,"24_3_Fit",8,0.08292678,0.01761253,0.002170126,0.000523913,"0.07"
53,9,"24_3_Fit",9,0.0852872,0.01987424,0.002336878,0.0005842313,"0.08"
54,9,"24_3_Fit",10,0.08762062,0.02205962,0.002506001,0.0006417905,"0.09"
55,9,"25_1_Fit",17,0.02463022,0.00365583,0,0,"0.0"
56,9,"25_1_Fit",18,0.0241965,0.00385695,0.0001321448,0.001816317,"0.01"
57,9,"25_1_Fit",19,0.02474697,0.004521844,0.0004891549,0.001791522,"0.02"
58,9,"25_1_Fit",20,0.02393032,0.006806814,0.0002539821,0.001767545,"0.03"
59,9,"25_1_Fit",21,0.04117226,0.009159229,0.0001798857,0.0002077043,"0.04"
60,9,"25_1_Fit",22,0.03800587,0.01146472,0.0003692997,0.0002555342,"0.05"
61,9,"25_1_Fit",23,0.0395449,0.01372369,0.0002580142,0.0003018797,"0.06"
62,9,"25_1_Fit",24,0.04628625,0.01593747,0.0004572109,0.0003468377,"0.07"
63,9,"25_1_Fit",25,0.03507154,0.01810745,0.000253987,0.0003904483,"0.08"
64,9,"25_1_Fit",26,0.02435201,0.02023501,0.0003144611,0.0004327402,"0.09"
65,9,"25_1_Fit",27,0.03986258,0.02232141,0.0004041145,0.0004738078,"0.1"
66,9,"25_1_Fit",28,0.05104066,0.02436786,0.0006390834,0.0005136861,"0.11"
67,9,"25_1_Fit",29,0.05068683,0.02637539,0.001995609,0.0005524774,"0.12"
68,9,"25_1_Fit",30,0.05636324,0.02834764,0.00236008,0.0005902257,"0.13"
69,9,"25_1_Fit",31,0.05724713,0.03029755,0.002848461,0.0006268999,"0.14"
70,9,"25_1_Fit",32,0.06783169,0.0322131,0.0006067321,0.0006626475,"0.15"
71,9,"25_2_Fit",17,0.01888242,0.004904785,0,0,"0.0"
72,9,"25_2_Fit",18,0.01157108,0.005176424,0.003335161,0.00005463578,"0.01"
73,9,"25_2_Fit",19,0.01169726,0.006077117,0.003045839,0.0001075133,"0.02"
74,9,"25_2_Fit",20,0.006720346,0.009245489,0.00357502,0.0001586428,"0.03"
75,9,"25_2_Fit",21,0.02333876,0.01244203,0.002982166,0.0002081697,"0.04"
76,9,"25_2_Fit",22,0.03079961,0.01557549,0.003410597,0.0002561144,"0.05"
77,9,"25_2_Fit",23,0.04102131,0.01864647,0.002893349,0.000302562,"0.06"
78,9,"25_2_Fit",24,0.04828967,0.02165677,0.002607029,0.0003475985,"0.07"
79,9,"25_2_Fit",25,0.05616377,0.02460822,0.002955779,0.0003912805,"0.08"
80,9,"25_2_Fit",26,0.06648753,0.02750266,0.003004351,0.000433678,"0.09"
81,9,"25_2_Fit",27,0.07004574,0.03034175,0.002759622,0.0004748611,"0.1"
82,9,"25_2_Fit",28,0.07404465,0.03312713,0.002533713,0.0005148362,"0.11"
83,9,"25_2_Fit",29,0.08054713,0.03586014,0.002815356,0.0005537324,"0.12"
84,9,"25_2_Fit",30,0.08601052,0.03854399,0.003142491,0.0005915363,"0.13"
85,9,"25_2_Fit",31,0.0814506,0.04118862,0.003018548,0.0006282862,"0.14"
86,9,"25_2_Fit",32,0.07638176,0.0437858,0.002996358,0.0006640755,"0.15"
87,9,"25_3_Fit",17,0.02535721,0.005204033,0,0,"0.0"
88,9,"25_3_Fit",18,0.02554386,0.005491462,0.0006969009,0.00005465698,"0.01"
89,9,"25_3_Fit",19,0.02548036,0.0064408,0.0005385488,0.0001075491,"0.02"
90,9,"25_3_Fit",20,0.02476303,0.00973463,0.0009498765,0.0001586863,"0.03"
91,9,"25_3_Fit",21,0.02193195,0.01309807,0.001065258,0.0002082164,"0.04"
92,9,"25_3_Fit",22,0.02372413,0.01639839,0.00112849,0.0002561569,"0.05"
93,9,"25_3_Fit",23,0.03904239,0.01963314,0.001288897,0.0003026115,"0.06"
94,9,"25_3_Fit",24,0.05028751,0.02280419,0.001473832,0.0003476818,"0.07"
95,9,"25_3_Fit",25,0.06116566,0.02591346,0.00170001,0.0003913888,"0.08"
96,9,"25_3_Fit",26,0.06983674,0.02896287,0.00181306,0.000433788,"0.09"
97,9,"25_3_Fit",27,0.07491297,0.03195417,0.001683815,0.0004749513,"0.1"
98,9,"25_3_Fit",28,0.0801328,0.03488908,0.001680209,0.0005149253,"0.11"
99,9,"25_3_Fit",29,0.08737834,0.03776897,0.001880295,0.0005537922,"0.12"
100,9,"25_3_Fit",30,0.08081525,0.04059725,0.002035279,0.0005915871,"0.13"
101,9,"25_3_Fit",31,0.08541785,0.04338436,0.002174002,0.0006283091,"0.14"
102,9,"25_3_Fit",32,0.0854972,0.04612162,0.001731173,0.0006641495,"0.15"
